{"cameraMode":{"drawMode":0,"name":"Shaded","section":"Shading Mode"},"sceneLighting":true,"audioPlay":false,"sceneViewState":{"m_AlwaysRefresh":false,"showFog":true,"showSkybox":true,"showFlares":true,"showImageEffects":true,"showParticleSystems":true,"showVisualEffectGraphs":true,"m_FxEnabled":true},"in2DMode":false,"pivot":{"x":0.7960976362228394,"y":6.395185947418213,"z":27.322294235229493},"rotation":{"x":0.0710308700799942,"y":-0.023776305839419366,"z":-0.0017138494877144695,"w":-0.9972012042999268},"size":3.0539798736572267,"orthographic":false}