{"cameraMode":{"drawMode":0,"name":"Shaded","section":"Shading Mode"},"sceneLighting":true,"audioPlay":false,"sceneViewState":{"m_AlwaysRefresh":false,"showFog":true,"showSkybox":true,"showFlares":true,"showImageEffects":true,"showParticleSystems":true,"showVisualEffectGraphs":true,"m_FxEnabled":true},"in2DMode":false,"pivot":{"x":0.2313607931137085,"y":2.9363479614257814,"z":13.734050750732422},"rotation":{"x":-0.00267122988589108,"y":0.9926307797431946,"z":-0.11924061179161072,"w":-0.022525379434227945},"size":10.083670616149903,"orthographic":false}